forecast_date,forecast_arima,forecast_sarima,forecast_lstm
2023-10-19 04:00:00+00:00,138.03536945657342,138.03532973751194,
2023-10-20 04:00:00+00:00,135.83467941559454,135.8106993748293,161.45422
2023-10-23 04:00:00+00:00,136.88848049688505,136.9625715632423,160.60716
2023-10-24 04:00:00+00:00,139.34087267562856,139.1675277152284,161.04523
2023-10-25 04:00:00+00:00,125.99036109491523,125.80895783727152,161.88713
2023-10-26 04:00:00+00:00,122.15922167740594,122.60101524760151,156.85814
2023-10-27 04:00:00+00:00,123.34317595690568,122.56143488048373,155.67593
2023-10-30 04:00:00+00:00,125.41969644505888,124.89546453911281,155.66136
2023-10-31 04:00:00+00:00,124.966576712503,124.4485039198895,156.52042
2023-11-01 04:00:00+00:00,126.58562843469329,126.70283730901211,156.3555
2023-11-02 04:00:00+00:00,127.71985891798047,127.7060970517313,157.1893
2023-11-03 04:00:00+00:00,129.27823392517365,198.50155320986454,157.56184
2023-11-06 05:00:00+00:00,130.4663406811124,128.33187289599334,158.22447
2023-11-07 05:00:00+00:00,131.30069300676328,132.53130276551818,158.62573
2023-11-08 05:00:00+00:00,132.21457526928157,134.76125287462594,158.97961
2023-11-09 05:00:00+00:00,130.6887496099835,117.2238855334498,159.3007
2023-11-10 05:00:00+00:00,132.9648565339181,128.91086627175275,158.71506
2023-11-13 05:00:00+00:00,132.85967980291122,133.59275981661983,159.60002
2023-11-14 05:00:00+00:00,134.33127465726415,135.76940545905242,159.4428
2023-11-15 05:00:00+00:00,135.49321931953213,134.35464711790692,160.11401
2023-11-16 05:00:00+00:00,137.5769490573278,138.65656193499663,160.47148
2023-11-17 05:00:00+00:00,135.9816098068787,137.26231527376447,161.34807
2023-11-20 05:00:00+00:00,136.6863547880694,139.0168054578288,160.68262
2023-11-21 05:00:00+00:00,137.7296542186609,140.75120588122056,161.05278
2023-11-22 05:00:00+00:00,138.98884659899517,139.21414574028398,161.31775
2023-11-24 05:00:00+00:00,137.3060802610082,138.08666214470188,161.8491
2023-11-27 05:00:00+00:00,136.92152511880076,137.7455533280444,161.16629
2023-11-28 05:00:00+00:00,137.7370283376634,132.43789937183828,161.10196
2023-11-29 05:00:00+00:00,135.53824861484412,133.60902479866812,161.31775
2023-11-30 05:00:00+00:00,132.9925053712315,133.7506701635677,160.479
2023-12-01 05:00:00+00:00,132.5032461836049,133.78619227077772,159.54759
2023-12-04 05:00:00+00:00,129.98119503952734,129.90861462845567,159.32312
2023-12-05 05:00:00+00:00,131.57322757444146,130.99311004767944,158.32097
2023-12-06 05:00:00+00:00,130.86755186897986,131.65257313798355,158.97588
2023-12-07 05:00:00+00:00,137.3723056140518,138.9431520944732,158.61829
2023-12-08 05:00:00+00:00,136.00274014506658,137.63486641317104,161.25336
2023-12-11 05:00:00+00:00,133.23963955959152,132.3075481706853,160.56947
2023-12-12 05:00:00+00:00,132.64939455713866,132.76766598501266,159.83992
2023-12-13 05:00:00+00:00,133.03088480110162,133.52896908103162,159.4428
2023-12-14 05:00:00+00:00,132.4904823049417,128.14662387965956,159.56633
2023-12-15 05:00:00+00:00,132.9614861341241,131.2616773528158,159.27827
2023-12-18 05:00:00+00:00,136.3102650032391,136.73551544832893,159.51765
2023-12-19 05:00:00+00:00,137.20489898239828,136.9108365665004,160.77695
2023-12-20 05:00:00+00:00,138.4804253365204,138.43455990990958,161.12086
2023-12-21 05:00:00+00:00,140.67574493916976,140.28427458563226,161.7123
2023-12-22 05:00:00+00:00,141.56864174673484,144.4624763044013,162.52739
2023-12-26 05:00:00+00:00,141.6509801969229,142.40057739397125,162.87914
2023-12-27 05:00:00+00:00,140.32902823834655,141.1290241721725,162.91742
2023-12-28 05:00:00+00:00,140.1957806615424,140.13470536998167,162.38995
2023-12-29 05:00:00+00:00,140.04291496720572,140.74289296200695,162.32892
2024-01-02 05:00:00+00:00,138.665568460788,139.24705415114548,162.19548
2024-01-03 05:00:00+00:00,139.4279995914412,136.64940335787955,161.67432
2024-01-04 05:00:00+00:00,137.2601695213568,136.49484785919003,161.97844
2024-01-05 05:00:00+00:00,136.39477803128526,136.74474675123452,161.09818
2024-01-08 05:00:00+00:00,139.702101106008,139.67045826133833,160.85248
2024-01-09 05:00:00+00:00,141.73988879637082,142.7861601198369,162.04314
2024-01-10 05:00:00+00:00,142.71750901485728,142.27655364635132,162.8179
2024-01-11 05:00:00+00:00,142.51070581842913,144.47208061634046,163.2931
2024-01-12 05:00:00+00:00,143.0204275884348,142.82771832587844,163.24321
2024-01-16 05:00:00+00:00,143.03730267956476,143.45647806049172,163.46208
2024-01-17 05:00:00+00:00,141.85804453686433,141.30105354369172,163.4006
2024-01-18 05:00:00+00:00,143.94907767536185,144.5201826386416,162.94423
2024-01-19 05:00:00+00:00,147.05918318678923,147.58747526089138,163.75052
2024-01-22 05:00:00+00:00,146.67407242437417,143.66682682857157,164.90195
2024-01-23 05:00:00+00:00,147.41178610292394,146.42387944677475,164.80115
2024-01-24 05:00:00+00:00,149.21263803436796,150.3804985609014,165.17752
2024-01-25 05:00:00+00:00,152.4607893255266,152.96166670911768,165.82765
2024-01-26 05:00:00+00:00,152.6882952871939,153.96867246882005,167.11629
2024-01-29 05:00:00+00:00,153.4721416751258,153.48389040662002,167.17528
2024-01-30 05:00:00+00:00,151.90858918363597,154.19451945779585,167.58888
2024-01-31 05:00:00+00:00,140.7494453941907,141.0162795442383,166.88443
2024-02-01 05:00:00+00:00,141.53374130190093,142.08727780552368,162.52739
2024-02-02 05:00:00+00:00,143.40289952280725,143.6828075665552,162.8753
2024-02-05 05:00:00+00:00,144.2520433330108,145.19827276716438,163.19333
2024-02-06 05:00:00+00:00,144.66693277180372,144.83811434726962,163.72742
2024-02-07 05:00:00+00:00,145.53438388303005,142.8602226067993,163.91228
2024-02-08 05:00:00+00:00,146.1503915195463,144.7228413500377,164.40245
2024-02-09 05:00:00+00:00,149.03819223858005,149.5237805692402,164.61134
2024-02-12 05:00:00+00:00,147.72590882812335,147.8594679891821,165.77695
2024-02-13 05:00:00+00:00,145.10028226161208,146.87393225134798,165.19695
2024-02-14 05:00:00+00:00,146.07732703432686,145.0838999921781,164.28265
2024-02-15 05:00:00+00:00,143.14780897369204,142.86074071703,164.58038
2024-02-16 05:00:00+00:00,140.79008202655075,141.15982750422594,163.34685
2024-02-20 05:00:00+00:00,141.44148095630038,142.54764777186125,162.51212
2024-02-21 05:00:00+00:00,143.0807259079048,143.04992548463207,162.6802
2024-02-22 05:00:00+00:00,144.47358163140234,144.97090764531285,163.30844
2024-02-23 05:00:00+00:00,144.26972756225973,144.03115324126193,163.87761
2024-02-26 05:00:00+00:00,137.71584241114368,135.90402394280673,163.86604
2024-02-27 05:00:00+00:00,138.88067479692907,138.64516283974282,161.367
2024-02-28 05:00:00+00:00,136.9880715466136,137.8656089211996,161.87953
2024-02-29 05:00:00+00:00,138.82452349424165,138.9012167489095,160.86758
2024-03-01 05:00:00+00:00,137.54740373705607,138.79890150172005,161.75789
2024-03-04 05:00:00+00:00,133.1597053723981,132.249949902683,161.11331
2024-03-05 05:00:00+00:00,132.90119012447275,131.92539445256713,159.65247
2024-03-06 05:00:00+00:00,131.92385433810267,131.75656415696176,159.49518
2024-03-07 05:00:00+00:00,134.44439582072516,134.79967233148002,159.03929
2024-03-08 05:00:00+00:00,135.62317574116187,135.92585587915127,160.04263
2024-03-11 04:00:00+00:00,137.84776921374475,137.79210382964752,160.43759
2024-03-12 04:00:00+00:00,138.61352951512055,137.67684066680488,161.43904
2024-03-13 04:00:00+00:00,139.52790092293702,137.3796394960275,161.69711
2024-03-14 04:00:00+00:00,143.19714235822067,142.97987576742904,162.13452
2024-03-15 04:00:00+00:00,141.14821337972666,142.66005018534665,163.50049
2024-03-18 04:00:00+00:00,147.03913669336703,147.12351053406778,162.66875
2024-03-19 04:00:00+00:00,147.1064611707156,147.60714654155547,165.09984
2024-03-20 04:00:00+00:00,148.14517898055783,147.63811952399178,164.88254
2024-03-21 04:00:00+00:00,147.70405529893145,147.50930553618736,165.5665
2024-03-22 04:00:00+00:00,150.40261906983628,151.47750875102872,165.20085
2024-03-25 04:00:00+00:00,150.23978197858506,151.1972519826798,166.38255
2024-03-26 04:00:00+00:00,150.4105946341574,151.13354322769308,166.14003
2024-03-27 04:00:00+00:00,150.9022272525025,151.5189356896862,166.35515
2024-03-28 04:00:00+00:00,151.1253624940821,151.37020944319846,166.4491
2024-04-01 04:00:00+00:00,155.38089753006886,154.29131969425404,166.5745
2024-04-02 04:00:00+00:00,154.88265870715676,154.90403064064884,168.24493
2024-04-03 04:00:00+00:00,154.9677618098418,156.77032597354398,167.99564
2024-04-04 04:00:00+00:00,150.88615750153897,150.96248402346714,168.19347
2024-04-05 04:00:00+00:00,152.6263729835116,152.72540435112413,166.4491
2024-04-08 04:00:00+00:00,155.42395198293428,154.92498416049054,167.2343
2024-04-09 04:00:00+00:00,157.06903430161415,157.03465976925202,168.10245
2024-04-10 04:00:00+00:00,156.54998594085578,157.40225867451787,168.89572
2024-04-11 04:00:00+00:00,159.39162470573788,159.78466350463833,168.70499
2024-04-12 04:00:00+00:00,158.12560530878662,157.89452727282688,169.95276
2024-04-15 04:00:00+00:00,154.99553221566285,155.3493395679993,169.31374
2024-04-16 04:00:00+00:00,154.9079184186318,155.2490495535213,168.17763
2024-04-17 04:00:00+00:00,155.9610613287608,155.8358914731809,168.04707
2024-04-18 04:00:00+00:00,156.55306266400714,156.12097058234087,168.39551
2024-04-19 04:00:00+00:00,154.71887902489692,156.0664057137449,168.62556
2024-04-22 04:00:00+00:00,156.74918637663333,156.69384354718156,167.93634
2024-04-23 04:00:00+00:00,158.9525960177933,159.67256045866344,168.82019
2024-04-24 04:00:00+00:00,159.91749337099722,158.93085289186658,169.60498
2024-04-25 04:00:00+00:00,156.7850221854508,156.73918524235472,170.07687
2024-04-26 04:00:00+00:00,172.05265900084217,172.6575586070405,168.82019
2024-04-29 04:00:00+00:00,167.36793539053284,167.4793525830243,175.19566
2024-04-30 04:00:00+00:00,162.34440945987836,162.34270107669101,172.82245
2024-05-01 04:00:00+00:00,164.40119192229895,164.91723086369177,171.5006
2024-05-02 04:00:00+00:00,167.28350094699715,167.7885353022889,171.87663
2024-05-03 04:00:00+00:00,168.09022034622333,167.4685091723895,173.05058
2024-05-06 04:00:00+00:00,168.53455280239473,168.91619934622918,173.26672
2024-05-07 04:00:00+00:00,171.6463111572718,173.57169459213557,173.6099
2024-05-08 04:00:00+00:00,169.94639284808727,170.3676394009065,174.90288
2024-05-09 04:00:00+00:00,170.0998459079711,169.61565629465755,174.15465
2024-05-10 04:00:00+00:00,169.1760070862287,169.45442367679888,174.32704
2024-05-13 04:00:00+00:00,169.6360232719401,171.23639784874965,173.79813
2024-05-14 04:00:00+00:00,170.89414626379826,171.2859951849115,174.04802
2024-05-15 04:00:00+00:00,172.68473654904867,172.25656226163017,174.47083
2024-05-16 04:00:00+00:00,174.21423111168463,174.7060775602679,175.2741
2024-05-17 04:00:00+00:00,175.9197508610238,176.21176550770795,175.91524
2024-05-20 04:00:00+00:00,177.0887917992683,177.19431359643087,176.6877
2024-05-21 04:00:00+00:00,178.10938667717807,177.54578606770562,177.17534
2024-05-22 04:00:00+00:00,176.65796200625047,176.50024283083138,177.62665
2024-05-23 04:00:00+00:00,173.70378598496302,174.8378020594797,176.98346
2024-05-24 04:00:00+00:00,175.0895118672097,175.57957144654694,175.76198
2024-05-28 04:00:00+00:00,177.0481581272251,177.9729038731264,176.28859
2024-05-29 04:00:00+00:00,176.27849820798806,175.8908366491913,176.99179
2024-05-30 04:00:00+00:00,172.3293508753338,173.77379160532817,176.73347
2024-05-31 04:00:00+00:00,172.63669678775432,172.9445379858677,175.14203
2024-06-03 04:00:00+00:00,173.48584076286255,173.34227053286034,175.30713
2024-06-04 04:00:00+00:00,174.0403103953036,174.154345390673,175.4972
2024-06-05 04:00:00+00:00,175.92126122700762,176.71185875485753,175.79097
2024-06-06 04:00:00+00:00,177.0991705640906,177.40823475126425,176.59615
2024-06-07 04:00:00+00:00,174.64337358407303,173.47681225290225,177.12943
2024-06-10 04:00:00+00:00,175.3923555437576,174.45911017874704,176.13084
2024-06-11 04:00:00+00:00,177.26859415752185,178.21547980629097,176.49677
2024-06-12 04:00:00+00:00,178.53843399270127,179.17668021919582,177.14728
2024-06-13 04:00:00+00:00,175.73318483088858,176.36835818401056,177.72054
2024-06-14 04:00:00+00:00,177.10281084951734,176.29872009497328,176.54256
2024-06-17 04:00:00+00:00,177.92512424465565,178.90490270978577,177.2225
2024-06-18 04:00:00+00:00,175.4139400162688,175.75058651961487,177.39392
2024-06-20 04:00:00+00:00,176.6285406619543,177.02002580744823,176.42186
2024-06-21 04:00:00+00:00,179.3535743126905,180.20135636277053,176.94688
2024-06-24 04:00:00+00:00,179.7905855706328,180.2862032279666,178.01414
2024-06-25 04:00:00+00:00,184.33287736318516,184.1861391552641,178.23679
2024-06-26 04:00:00+00:00,184.30184316417782,183.68680223615115,180.26137
2024-06-27 04:00:00+00:00,185.3542791090883,185.34618960515334,180.17212
2024-06-28 04:00:00+00:00,182.3227800742217,183.07612879087668,180.8062
2024-07-01 04:00:00+00:00,183.11570229677687,183.38668586143535,179.3456
2024-07-02 04:00:00+00:00,185.76519261129354,186.6667053424214,179.79866
2024-07-03 04:00:00+00:00,186.35550303537778,185.95352041130943,180.69965
2024-07-05 04:00:00+00:00,190.7513153881875,191.78720615290493,181.03224
2024-07-08 04:00:00+00:00,189.39088692223336,190.1193704117019,182.99301
2024-07-09 04:00:00+00:00,188.91844454703894,188.99846639551825,182.35577
2024-07-10 04:00:00+00:00,191.4976340784991,191.942985420946,182.33856
2024-07-11 04:00:00+00:00,186.27897314141106,187.30310142387333,183.29515
2024-07-12 04:00:00+00:00,185.47137477512186,186.21194237067266,180.99385
2024-07-15 04:00:00+00:00,187.41492882834183,187.10266905306872,180.77208
2024-07-16 04:00:00+00:00,184.64517532506608,184.43228858597135,181.37401
2024-07-17 04:00:00+00:00,181.60518132347275,182.6736570706191,180.22736
2024-07-18 04:00:00+00:00,178.33411704037974,178.52372376576494,179.0076
2024-07-19 04:00:00+00:00,178.52794254452024,179.0961014147207,177.57811
2024-07-22 04:00:00+00:00,182.66693253292655,181.81678226855797,177.6493
2024-07-23 04:00:00+00:00,182.82003874094033,183.08766310689924,179.31601
2024-07-24 04:00:00+00:00,173.2952740274293,173.74961524003564,179.42174
2024-07-25 04:00:00+00:00,167.88716843679208,167.88425803564553,175.55856
2024-07-26 04:00:00+00:00,168.140875003495,167.3382269377493,173.41475
2024-07-29 04:00:00+00:00,170.74700698150284,171.31683866187984,173.21857
2024-07-30 04:00:00+00:00,171.3692500345768,171.79217572924358,174.22224
2024-07-31 04:00:00+00:00,172.1509813212152,171.85086757739447,174.52243
2024-08-01 04:00:00+00:00,171.4052230170794,169.98110659796652,175.05417
2024-08-02 04:00:00+00:00,167.29506246825773,166.79846016340932,174.76543
2024-08-05 04:00:00+00:00,159.7061848174443,159.30313839142266,173.10422
2024-08-06 04:00:00+00:00,159.70555644906824,161.18650830279753,169.96588
2024-08-07 04:00:00+00:00,160.52121627650612,160.27369211664939,169.92584
2024-08-08 04:00:00+00:00,163.21741234225496,163.2343258658268,170.00996
2024-08-09 04:00:00+00:00,164.70996696470684,164.22453665655652,171.25294
2024-08-12 04:00:00+00:00,162.8533866203795,163.19114506223917,171.87996
2024-08-13 04:00:00+00:00,164.7266370626685,164.10474345512912,171.29738
2024-08-14 04:00:00+00:00,161.18308439836196,161.6025813808759,172.09895
2024-08-15 04:00:00+00:00,161.99020988221818,162.00427958425362,170.52376
2024-08-16 04:00:00+00:00,164.07882525344175,163.96218192950562,170.98267
2024-08-19 04:00:00+00:00,167.42159149457106,166.48187620719096,171.61674
2024-08-20 04:00:00+00:00,168.0504533422557,168.50425550719797,173.10422
2024-08-21 04:00:00+00:00,166.37348197355624,166.40306587947384,173.33296
2024-08-22 04:00:00+00:00,164.3563890308146,165.21725851575206,172.7902
2024-08-23 04:00:00+00:00,166.3856658985458,166.12248190040208,171.92049
2024-08-26 04:00:00+00:00,167.19827591503528,167.5368399731047,172.70872
2024-08-27 04:00:00+00:00,165.42521767457728,165.931381172456,172.91248
2024-08-28 04:00:00+00:00,163.51538333843544,164.39157876174534,172.28165
2024-08-29 04:00:00+00:00,162.48257140107688,162.44235989228417,171.51965
2024-08-30 04:00:00+00:00,164.29153807315706,164.81929440124566,171.0754
2024-09-03 04:00:00+00:00,158.00135323846598,158.37472903416105,171.76653
2024-09-04 04:00:00+00:00,156.71636293267147,156.68855269835075,169.15456
2024-09-05 04:00:00+00:00,158.11637925231537,157.38256139587688,168.83592
2024-09-06 04:00:00+00:00,151.55656984648138,151.3542298441667,169.15059
2024-09-09 04:00:00+00:00,148.88795630648227,148.6784093669003,166.59138
2024-09-10 04:00:00+00:00,149.74980187640395,150.45105995383562,165.65501
2024-09-11 04:00:00+00:00,151.80809931634437,151.23597547524,165.83873
2024-09-12 04:00:00+00:00,155.08623558269764,154.5389181948851,166.67786
2024-09-13 04:00:00+00:00,157.63328889010745,156.77138830351686,168.01619
2024-09-16 04:00:00+00:00,158.04790645064497,158.35213227870648,169.14198
2024-09-17 04:00:00+00:00,159.2275822764121,158.47687515459234,169.38968
2024-09-18 04:00:00+00:00,159.92151009613357,159.9112005605658,169.9062
2024-09-19 04:00:00+00:00,162.32973298686142,162.8221556776762,170.1189
2024-09-20 04:00:00+00:00,163.87858995341568,164.07284399193549,171.09753
2024-09-23 04:00:00+00:00,162.19015067827908,161.5534396762844,171.66397
2024-09-24 04:00:00+00:00,162.69684619566328,163.23276057739986,171.02888
2024-09-25 04:00:00+00:00,162.30932200320737,162.7350194934742,171.25919
2024-09-26 04:00:00+00:00,163.05630601773808,164.32033486245894,170.9966
2024-09-27 04:00:00+00:00,164.6472055360341,165.10377720113954,171.33601
2024-09-30 04:00:00+00:00,166.42103786846903,167.0460146209467,171.92761
2024-10-01 04:00:00+00:00,167.61058311473124,167.4703271727067,172.70062
2024-10-02 04:00:00+00:00,166.4255905784577,166.82070176706574,173.20293
2024-10-03 04:00:00+00:00,166.27304539750472,166.33913354809778,172.74956
2024-10-04 04:00:00+00:00,167.80138283811033,168.55633511257173,172.70877
2024-10-07 04:00:00+00:00,163.76116682880237,164.00264663013385,173.26018
2024-10-08 04:00:00+00:00,164.7915361262809,164.69509690332228,171.56268
2024-10-09 04:00:00+00:00,162.67516351770615,161.74316711843474,172.09412
2024-10-10 04:00:00+00:00,162.38806323878254,162.61354345018557,171.02484
2024-10-11 04:00:00+00:00,164.05391526189283,164.01571156802933,171.0733
2024-10-14 04:00:00+00:00,165.6705418555165,166.6603117603786,171.61536
2024-10-15 04:00:00+00:00,166.18517909700364,166.0108320479259,172.35844
2024-10-16 04:00:00+00:00,165.85747890035427,165.92798065886137,172.5824
2024-10-17 04:00:00+00:00,163.687033430458,163.01025389531725,172.51723
2024-10-18 04:00:00+00:00,164.21404892260026,164.92296592077696,171.6113
2024-10-21 04:00:00+00:00,165.23219192732108,165.16745171522442,171.83023
2024-10-22 04:00:00+00:00,166.129975348354,166.97033355538372,172.13477
2024-10-23 04:00:00+00:00,163.80655288410028,164.02066119692114,172.54982
2024-10-24 04:00:00+00:00,163.6434658428706,163.34440619130487,171.59915
2024-10-25 04:00:00+00:00,166.3541566008031,165.03010082876133,171.6194
2024-10-28 04:00:00+00:00,167.69040838987218,168.02701219937933,172.61908
2024-10-29 04:00:00+00:00,170.28301805493828,170.45214714284026,173.1702
2024-10-30 04:00:00+00:00,175.22105330668808,176.38249907336944,174.31894
2024-10-31 04:00:00+00:00,171.80138922708787,171.39925693182346,176.38934
2024-11-01 04:00:00+00:00,171.3362857891291,171.47384936106354,174.95816
2024-11-04 05:00:00+00:00,169.98712712822106,169.6911058228977,174.9416
2024-11-05 05:00:00+00:00,170.5711998179536,171.89329966330325,174.1297
2024-11-06 05:00:00+00:00,177.7280326128668,178.19830747115836,174.43011
2024-11-07 05:00:00+00:00,181.6249214635826,182.39466146832694,177.30392
2024-11-08 05:00:00+00:00,178.74307000032266,179.04975229980184,178.96538
2024-11-11 05:00:00+00:00,180.5928049995197,180.29093376842587,177.94566
2024-11-12 05:00:00+00:00,182.4364821959855,181.0722066108824,178.83443
2024-11-13 05:00:00+00:00,179.58262525557222,180.45706018255675,179.40538
2024-11-14 05:00:00+00:00,176.44765553788994,177.24263089730653,178.21057
2024-11-15 05:00:00+00:00,173.19747147242302,174.79662383329753,176.89406
2024-11-18 05:00:00+00:00,176.17604924794193,176.16534803690723,175.45462
2024-11-19 05:00:00+00:00,179.2532544370619,179.2598252188575,176.66447
2024-11-20 05:00:00+00:00,176.62852889109325,176.56001502950508,177.82803
2024-11-21 05:00:00+00:00,168.34650154957916,169.81150580644604,176.88571
2024-11-22 05:00:00+00:00,165.66925266478654,165.47638357786252,173.5386
2024-11-25 05:00:00+00:00,169.15807795646978,168.6114356478357,172.448
2024-11-26 05:00:00+00:00,170.41740080277074,170.4863387433132,173.61647
2024-11-27 05:00:00+00:00,170.1916577709114,170.38679838489074,174.10501
2024-11-29 05:00:00+00:00,169.66110419336678,168.6290252866289,174.18727
2024-12-02 05:00:00+00:00,172.06528159783332,171.15687391821984,174.05159
2024-12-03 05:00:00+00:00,172.31604716538845,171.3624886201624,175.078
2024-12-04 05:00:00+00:00,175.1153676814468,175.8173159933488,175.09454
2024-12-05 05:00:00+00:00,173.5850195856246,174.28443706940635,176.36852
2024-12-06 05:00:00+00:00,175.3635240065005,175.50357242459162,175.62874
2024-12-09 05:00:00+00:00,176.61450121690245,175.6289607577884,176.53519
2024-12-10 05:00:00+00:00,185.65557697534507,186.44224104112104,176.87358
2024-12-11 05:00:00+00:00,196.13219034692395,196.9278092697913,180.86052
2024-12-12 05:00:00+00:00,192.54727693178037,193.38317325028984,185.26324
2024-12-13 05:00:00+00:00,189.69027602263264,190.08219150637044,183.92035
2024-12-16 05:00:00+00:00,197.0648396646738,196.97107073930837,182.94528
2024-12-17 05:00:00+00:00,196.6469681334878,195.92155811914103,185.89873
2024-12-18 05:00:00+00:00,189.24905469440785,190.9043031426612,185.44273
2024-12-19 05:00:00+00:00,188.8543254709411,190.57345975599873,182.41435
2024-12-20 05:00:00+00:00,192.635555382928,194.2510576267654,182.22049
2024-12-23 05:00:00+00:00,195.6655900274171,195.26750958852247,183.62949
2024-12-24 05:00:00+00:00,196.95882425170333,197.18477276325865,184.9485
2024-12-26 05:00:00+00:00,196.2126247204158,196.96296932593137,185.63991
2024-12-27 05:00:00+00:00,193.14963996032657,194.29956225522457,185.43396
2024-12-30 05:00:00+00:00,191.91174173811527,190.96650722087713,184.09857
2024-12-31 05:00:00+00:00,190.00556890355818,190.00796208044582,183.51237
2025-01-02 05:00:00+00:00,190.15034172948512,191.33780274756492,182.5394
2025-01-03 05:00:00+00:00,192.76445452849575,192.7684641191876,182.62138
2025-01-06 05:00:00+00:00,197.4177587033586,196.02707693210832,183.70325
2025-01-07 05:00:00+00:00,196.08996646066532,195.85920015737997,185.81096
2025-01-08 05:00:00+00:00,194.32027175127527,194.4006222264057,185.26324
2025-01-10 05:00:00+00:00,192.42259278985293,192.95887658758704,184.68657
2025-01-13 05:00:00+00:00,191.6225121633522,191.91086838427742,183.7206
2025-01-14 05:00:00+00:00,190.65415537634271,190.7832976021031,183.33904
2025-01-15 05:00:00+00:00,196.40667202544498,196.5823906189976,182.8027
2025-01-16 05:00:00+00:00,194.1377478580769,195.32533100136305,185.38142
2025-01-17 05:00:00+00:00,196.4452013054544,196.72085754188691,184.25955
2025-01-21 05:00:00+00:00,199.09188843708702,198.62215075034607,185.63113
2025-01-22 05:00:00+00:00,199.12349489566623,199.84432628857846,186.54509
2025-01-23 05:00:00+00:00,198.78191242609813,198.60256297979612,186.72136
2025-01-24 05:00:00+00:00,201.03886820591458,200.38207208251117,186.52307
2025-01-27 05:00:00+00:00,193.26113169023418,193.35907890034164,187.54744
2025-01-28 05:00:00+00:00,196.02265865101697,196.80103004790706,183.98119
2025-01-29 05:00:00+00:00,197.15512683793105,197.47021443446243,185.42084
2025-01-30 05:00:00+00:00,201.85039725325282,202.87495920516554,185.46901
2025-01-31 05:00:00+00:00,205.159633728147,205.15691512908955,187.87088
2025-02-03 05:00:00+00:00,201.61484302823447,201.61142789232872,189.19223
2025-02-04 05:00:00+00:00,206.53576898854132,206.9657622096524,187.87532
2025-02-05 05:00:00+00:00,192.9507747606391,193.38695600963598,190.13632
2025-02-06 05:00:00+00:00,191.955240712334,191.88296815371513,183.77702
2025-02-07 05:00:00+00:00,187.571180712139,189.25847316703195,183.78136
2025-02-10 05:00:00+00:00,187.69406322895608,187.81774999204782,181.12146
2025-02-11 05:00:00+00:00,187.3324898177219,186.41479233228827,181.57573
2025-02-12 05:00:00+00:00,184.9198295370577,184.72165721424196,181.09148
2025-02-13 05:00:00+00:00,187.41922611548986,187.40097671192447,180.39091
2025-02-14 05:00:00+00:00,186.4625411465747,186.3522232666519,181.43848
2025-02-18 05:00:00+00:00,185.08770887514987,184.27932578611728,181.0059
2025-02-19 05:00:00+00:00,186.5297873617648,186.7211591724985,180.54875
2025-02-20 05:00:00+00:00,186.11712469855843,185.1804459042686,181.11716
2025-02-21 05:00:00+00:00,181.00034683446606,181.41754099649114,180.90755
2025-02-24 05:00:00+00:00,180.50448239867774,180.36307079183624,178.75674
2025-02-25 05:00:00+00:00,177.17053260195246,177.38957880695503,178.59203
2025-02-26 05:00:00+00:00,174.25200881300051,174.7867402881204,176.9865
2025-02-27 05:00:00+00:00,170.06155387959382,170.2073870147398,175.87285
2025-02-28 05:00:00+00:00,171.83522320245632,170.5890017656489,174.01588
2025-03-03 05:00:00+00:00,168.70665935258603,168.86617436174006,174.84473
2025-03-04 05:00:00+00:00,171.97149984024378,171.77963837413498,173.37943
2025-03-05 05:00:00+00:00,174.8180666683157,175.0762616317602,175.00601
2025-03-06 05:00:00+00:00,173.4828834408507,173.45295850360336,175.99347
2025-03-07 05:00:00+00:00,174.957936158891,174.20168847519233,175.66924
2025-03-10 04:00:00+00:00,167.4683849275322,166.8290909536557,176.30997
2025-03-11 04:00:00+00:00,165.30126588485714,165.58943044847618,173.10962
2025-03-12 04:00:00+00:00,169.09623885838096,169.48721387876517,172.36154
2025-03-13 04:00:00+00:00,164.82154819052835,164.6725975248907,173.59781
2025-03-14 04:00:00+00:00,167.16916291447257,168.19386944993158,171.85245
2025-03-17 04:00:00+00:00,166.5769135313902,166.2896563717962,173.03178
2025-03-18 04:00:00+00:00,162.18001318883972,160.58914855271462,172.60236
2025-03-19 04:00:00+00:00,165.89770535815833,165.7899371896487,171.0168
2025-03-20 04:00:00+00:00,165.04368970213102,165.36546088499063,172.48393
2025-03-21 04:00:00+00:00,165.7373351268947,166.66469025164884,171.98262
2025-03-24 04:00:00+00:00,169.6538461519939,169.7940777518713,172.47171
2025-03-25 04:00:00+00:00,172.34396372278368,171.60786473544528,173.98033
2025-03-26 04:00:00+00:00,166.66323643168695,166.36462547263946,175.16199
2025-03-27 04:00:00+00:00,163.2832629306059,163.6831399617358,172.83533
2025-03-28 04:00:00+00:00,155.9691694332439,156.34453992955648,171.58832
2025-03-31 04:00:00+00:00,155.99672908498718,156.30095325710127,168.36346
2025-04-01 04:00:00+00:00,159.33458306962936,159.72811887089165,168.43117
2025-04-02 04:00:00+00:00,158.89426500047205,159.32161400219695,169.49023
2025-04-03 04:00:00+00:00,152.40035120773078,151.17921298402646,169.48221
2025-04-04 04:00:00+00:00,147.2461066036647,147.0001102345354,167.00342
2025-04-07 04:00:00+00:00,149.1598913026983,148.4792325778531,165.08421
2025-04-08 04:00:00+00:00,146.86989838370138,147.4780479853757,165.67046
2025-04-09 04:00:00+00:00,160.6895470167924,160.90402839776897,164.63235
2025-04-10 04:00:00+00:00,155.7625681661989,155.5455947278173,170.36661
2025-04-11 04:00:00+00:00,157.8725357845599,156.6134682747904,168.08894
2025-04-14 04:00:00+00:00,161.279948989696,160.30418865814644,169.69885
2025-04-15 04:00:00+00:00,157.9186741887189,157.51221284141783,170.53195
2025-04-16 04:00:00+00:00,155.027661628124,155.57804902921802,169.41006
2025-04-17 04:00:00+00:00,153.01386571999933,154.2159154087806,168.14064
2025-04-21 04:00:00+00:00,149.7820235704869,149.8248977435601,167.29192
2025-04-22 04:00:00+00:00,153.76018661904536,152.93704902591986,165.91342
2025-04-23 04:00:00+00:00,157.8481622939985,157.75723520875593,167.50565
2025-04-24 04:00:00+00:00,161.05641758607663,162.59631367420954,169.0258
2025-04-25 04:00:00+00:00,163.28273662077632,163.9694238563919,170.53195
2025-04-28 04:00:00+00:00,161.67259267132516,161.65353398349848,171.49496
2025-04-29 04:00:00+00:00,161.3086073040159,160.31687689231777,170.91566
2025-04-30 04:00:00+00:00,160.49149398528144,160.5542584238384,170.77014
2025-05-01 04:00:00+00:00,162.4004098416109,162.74886612380953,170.29808
2025-05-02 04:00:00+00:00,165.61052758670212,166.50892524286922,171.06537
2025-05-05 04:00:00+00:00,165.68492239356235,165.5100609622758,172.2922
2025-05-06 04:00:00+00:00,164.63116725022718,165.01943026814192,172.39009
2025-05-07 04:00:00+00:00,152.4439221324784,152.0826700254446,172.04369
2025-05-08 04:00:00+00:00,155.04300168462828,154.31743573819492,167.07056
2025-05-09 04:00:00+00:00,155.05431462978285,155.60479553768567,168.24008
2025-05-12 04:00:00+00:00,159.316274802821,160.359348153836,167.69588
2025-05-13 04:00:00+00:00,161.0193338094628,162.1023957053667,169.77113
2025-05-14 04:00:00+00:00,166.0159126827362,166.1167011856429,170.29808
2025-05-15 04:00:00+00:00,165.01804708726047,163.46272421291778,172.7004
2025-05-16 04:00:00+00:00,166.41998983544025,165.74814517022466,172.1251
2025-05-19 04:00:00+00:00,167.46384854097312,167.3300917672054,172.954
2025-05-20 04:00:00+00:00,164.75048761058673,165.8696120495844,173.13419
2025-05-21 04:00:00+00:00,169.5332628477819,168.94658387165768,172.09256
2025-05-22 04:00:00+00:00,171.83696984422795,172.29420389936385,174.03387
2025-05-23 04:00:00+00:00,169.03314168810545,168.7922373655118,174.8265
2025-05-27 04:00:00+00:00,173.30061119533127,173.04750428004405,173.8404
2025-05-28 04:00:00+00:00,173.1272703162536,173.46503442879546,175.65602
2025-05-29 04:00:00+00:00,172.2895648704449,173.59055821701097,175.40677
2025-05-30 04:00:00+00:00,172.4607503585462,173.47294068645817,175.23248
2025-06-02 04:00:00+00:00,169.96818393975852,170.96934509848174,175.18687
2025-06-03 04:00:00+00:00,167.36069486580274,167.26509786578126,174.1616
2025-06-04 04:00:00+00:00,169.1396940938348,169.24065808040731,173.06865
2025-06-05 04:00:00+00:00,169.7573617464667,169.8208746418642,173.75813
2025-06-06 04:00:00+00:00,174.52907432431317,175.16307726420655,173.93092
2025-06-09 04:00:00+00:00,177.56413057337465,176.79130734874764,176.04727
2025-06-10 04:00:00+00:00,179.47534859292674,179.1197569523898,177.26962
2025-06-11 04:00:00+00:00,178.33990424780788,177.6568042247307,178.27217
2025-06-12 04:00:00+00:00,176.41031819101352,175.25311217656,177.75757
2025-06-13 04:00:00+00:00,175.62947396755754,176.08589215154365,176.9926
2025-06-16 04:00:00+00:00,177.83103882730813,178.98801715634235,176.53604
2025-06-17 04:00:00+00:00,177.29579264435492,178.65553048841394,177.39989
2025-06-18 04:00:00+00:00,173.7750038007516,174.73306171482363,177.10168
2025-06-20 04:00:00+00:00,167.58785159969565,167.4529803221757,175.743
2025-06-23 04:00:00+00:00,165.91708865668838,166.10474300439407,173.15944
2025-06-24 04:00:00+00:00,168.08570593976035,168.18171745832115,172.4552
2025-06-25 04:00:00+00:00,171.7278131950124,172.35326009732708,173.16353
2025-06-26 04:00:00+00:00,174.43077745177152,174.23270723876934,174.70909
2025-06-27 04:00:00+00:00,177.8717713247486,177.1853309800336,175.9305
2025-06-30 04:00:00+00:00,176.97717813267795,175.60696483342144,177.53867
2025-07-01 04:00:00+00:00,176.2751495850439,174.53033165051943,177.16884
2025-07-02 04:00:00+00:00,179.42985002139943,179.74467126196797,176.96744
2025-07-03 04:00:00+00:00,180.41031436569955,181.4318205309297,178.1666
2025-07-07 04:00:00+00:00,177.2885835324611,178.5440731219308,178.50043
2025-07-08 04:00:00+00:00,174.8282010830941,175.28775233692645,177.24022
2025-07-09 04:00:00+00:00,177.52641587748073,177.47927538340508,176.2351
2025-07-10 04:00:00+00:00,178.82951731309953,179.2412410496133,177.28223
2025-07-11 04:00:00+00:00,181.1148960814565,181.87598587501182,177.71965
2025-07-14 04:00:00+00:00,182.6160835021541,183.52506206596925,178.82214
2025-07-15 04:00:00+00:00,182.68840777139263,182.64178884573164,179.45882
2025-07-16 04:00:00+00:00,183.39614809887868,182.53068674288485,179.58215
2025-07-17 04:00:00+00:00,184.40850405905547,184.10796967029583,179.86746
2025-07-18 04:00:00+00:00,185.68760550515302,185.11544641121273,180.2642
2025-07-21 04:00:00+00:00,190.85920294627792,191.74841575523945,180.79454
2025-07-22 04:00:00+00:00,191.92937074880555,192.14089111962213,183.03944
2025-07-23 04:00:00+00:00,190.93692827691052,191.94453346143246,183.45604
2025-07-24 04:00:00+00:00,192.7424598831736,192.81209629206919,183.19557
2025-07-25 04:00:00+00:00,193.81663423848576,193.97592906778553,183.93018
2025-07-28 04:00:00+00:00,193.1477363337466,193.59984479244895,184.31381
2025-07-29 04:00:00+00:00,196.10841628304476,197.17301452724237,184.02602
2025-07-30 04:00:00+00:00,197.30729838496495,197.8993925436768,185.34209
2025-07-31 04:00:00+00:00,192.54502777028438,192.95545020845466,185.78574
2025-08-01 04:00:00+00:00,189.55400608545241,189.2215997771765,183.78215
2025-08-04 04:00:00+00:00,195.65325810983862,196.00043697580628,182.51999
2025-08-05 04:00:00+00:00,195.61273984863428,194.91971498343543,185.04399
2025-08-06 04:00:00+00:00,196.50482208927892,197.36477008479565,184.85571
2025-08-07 04:00:00+00:00,197.08489763389593,197.23723485762167,185.5572
2025-08-08 04:00:00+00:00,201.60676268309055,202.40426142106634,185.71538
2025-08-11 04:00:00+00:00,201.5199938868756,200.7560698138895,187.84137
2025-08-12 04:00:00+00:00,203.53932800378362,203.54207171286262,187.63705
2025-08-13 04:00:00+00:00,202.81338060982196,203.3317013086681,188.76341
2025-08-14 04:00:00+00:00,203.30263615310668,204.22756159955068,188.25954
2025-08-15 04:00:00+00:00,204.75650275074693,204.31524534355333,188.61166
2025-08-18 04:00:00+00:00,204.0505495263975,204.77899181211745,189.09853
2025-08-19 04:00:00+00:00,202.2430578683049,202.45727959732065,188.82144
2025-08-20 04:00:00+00:00,199.982724285449,200.6925009644912,188.01921
2025-08-21 04:00:00+00:00,200.49383737587308,199.43250538691757,186.99881
2025-08-22 04:00:00+00:00,206.71053452456397,207.78334254045632,187.18918
2025-08-25 04:00:00+00:00,209.18677051912684,209.22474000682178,189.90964
2025-08-26 04:00:00+00:00,207.45332578838747,208.82517028203898,191.00826
2025-08-27 04:00:00+00:00,207.62965150078725,207.23882878169496,190.46269
2025-08-28 04:00:00+00:00,211.99397463614523,211.58876671456076,190.57979
2025-08-29 04:00:00+00:00,213.3845078256275,212.98665509730526,192.46262
2025-09-02 04:00:00+00:00,211.57496241611761,212.82065982774233,192.99075
2025-09-03 04:00:00+00:00,230.42973870576833,230.81516599020637,192.28992
2025-09-04 04:00:00+00:00,232.89595446753714,233.01222755196295,201.15527
2025-09-05 04:00:00+00:00,233.61505972642993,233.08292052318288,201.89523
2025-09-08 04:00:00+00:00,233.6193870189232,234.04649608738995,203.0909
2025-09-09 04:00:00+00:00,239.1175530944714,239.09895002980545,202.70879
2025-09-10 04:00:00+00:00,239.65838088951756,240.90127990870425,205.48328
2025-09-11 04:00:00+00:00,240.29721449740973,241.66562736022536,205.29996
2025-09-12 04:00:00+00:00,241.28888202947786,243.81845588747146,205.88898
2025-09-15 04:00:00+00:00,251.426723055393,252.8146818229463,206.17921
2025-09-16 04:00:00+00:00,251.62554924253828,250.8831725469814,211.2579
2025-09-17 04:00:00+00:00,249.06434368634922,250.2785729610325,211.08983
2025-09-18 04:00:00+00:00,251.9737493381238,253.46143940973195,210.31522
2025-09-19 04:00:00+00:00,255.11543016109354,255.8427902754108,211.53995
2025-09-22 04:00:00+00:00,252.85807288183304,252.37378517243022,212.98407
2025-09-23 04:00:00+00:00,252.0475002203888,252.9722030941085,211.81242
2025-09-24 04:00:00+00:00,247.8867301389659,248.3274496164391,211.5449
2025-09-25 04:00:00+00:00,246.49514381067044,246.42544371638212,209.32224
2025-09-26 04:00:00+00:00,247.54268675901073,247.42931061651095,208.70493
2025-09-29 04:00:00+00:00,244.6410641617649,245.83635263501313,209.00357
2025-09-30 04:00:00+00:00,243.59908825157711,244.71165542625292,207.6261
2025-10-01 04:00:00+00:00,245.71526256543288,245.8808270963561,207.23193
2025-10-02 04:00:00+00:00,246.5937126139061,245.42532714540187,208.2015
2025-10-03 04:00:00+00:00,246.42881849746595,246.48607519140015,208.63644
2025-10-06 04:00:00+00:00,251.3545873831873,251.70107197550743,208.64624
2025-10-07 04:00:00+00:00,247.2305346766334,247.37231485054423,211.1343
2025-10-08 04:00:00+00:00,244.9777144039832,244.4034550984868,208.9791
2025-10-09 04:00:00+00:00,242.37283626737755,241.98918704366443,208.16246
2025-10-10 04:00:00+00:00,237.56784254246259,237.78782218527277,206.58131
2025-10-13 04:00:00+00:00,244.83512200252193,244.69473457858024,204.30363
2025-10-14 04:00:00+00:00,246.83411057715585,247.4566823868161,207.76251
2025-10-15 04:00:00+00:00,251.39666752442807,251.92350042834693,208.51909
2025-10-16 04:00:00+00:00,251.83294256471802,252.55469716522776,211.23317
2025-10-17 04:00:00+00:00,253.14085223353734,252.75974045588492,211.31726
2025-10-20 04:00:00+00:00,256.82201434000297,256.4109691332261,212.26389
2025-10-21 04:00:00+00:00,251.19793981073326,251.62221533162668,213.86852
2025-10-22 04:00:00+00:00,252.07845271523092,253.5524738571063,211.0503
2025-10-23 04:00:00+00:00,254.0115656042039,254.69053515108,211.639
2025-10-24 04:00:00+00:00,260.45452472497516,260.37108737497704,212.23409
2025-10-25 04:00:00+00:00,260.45452472497516,260.37108737497704,215.59552
2025-10-26 04:00:00+00:00,260.6634264142804,260.64266075945915,194.02272
2025-10-27 04:00:00+00:00,260.10706799691286,260.7152318769658,184.3645
2025-10-28 04:00:00+00:00,259.89732322538885,260.3021648659217,180.1913
2025-10-29 04:00:00+00:00,259.68998158375877,260.5206605225074,178.41685
2025-10-30 04:00:00+00:00,259.7223293471943,260.762881071617,177.66757
2025-10-31 04:00:00+00:00,259.7418857450287,262.7905589204369,177.35213
2025-11-01 04:00:00+00:00,259.77828190867615,263.4582502318091,177.21951
2025-11-02 04:00:00+00:00,259.78759341210366,263.35876478236565,177.16376
2025-11-03 04:00:00+00:00,259.79166941068576,263.06204106688455,177.14034
2025-11-04 04:00:00+00:00,259.78782869877455,264.1742746530396,177.13051
2025-11-05 04:00:00+00:00,259.7857478391454,264.22255430762795,177.12636
2025-11-06 04:00:00+00:00,259.7841375550231,264.4056268165454,177.12463
2025-11-07 04:00:00+00:00,259.784011346732,263.91445219260635,177.1239
2025-11-08 04:00:00+00:00,259.78412041003924,264.3337768737267,177.12358
2025-11-09 04:00:00+00:00,259.7843937644475,263.64710643702404,177.12347
2025-11-10 04:00:00+00:00,259.78450427594055,264.4015436791511,177.12341
2025-11-11 04:00:00+00:00,259.78454908809766,264.6308361089377,177.12338
2025-11-12 04:00:00+00:00,259.7845321149493,266.01821985032115,177.12338
2025-11-13 04:00:00+00:00,259.78451482418797,266.29233996825906,177.12337
2025-11-14 04:00:00+00:00,259.78450088171246,266.0297596770026,177.12337
2025-11-15 04:00:00+00:00,259.7844975666043,266.1234825975833,177.12337
2025-11-16 04:00:00+00:00,259.78449776448906,266.9808490127736,177.12337
2025-11-17 04:00:00+00:00,259.7844996246361,267.0851106005399,177.12337
2025-11-18 04:00:00+00:00,259.7845007078031,267.1063415876255,177.12337
2025-11-19 04:00:00+00:00,259.7845011981242,266.78936598075114,177.12337
2025-11-20 04:00:00+00:00,259.7845011705237,267.1017656007027,177.12337
2025-11-21 04:00:00+00:00,259.7845010475215,266.5412876940586,177.12337
2025-11-22 04:00:00+00:00,259.78450093224734,267.23290808402476,177.12337
2025-11-23 04:00:00+00:00,259.7845008893074,267.55355325201805,177.12337
2025-11-24 04:00:00+00:00,259.7845008832601,268.8612923377641,177.12337
2025-11-25 04:00:00+00:00,259.78450089473057,269.1831676227565,177.12337
2025-11-26 04:00:00+00:00,259.7845009041098,268.87587797111115,177.12337
2025-11-27 04:00:00+00:00,259.78450090905136,269.02556858619226,177.12337
2025-11-28 04:00:00+00:00,259.7845009097402,269.8470768463983,177.12337
2025-11-29 04:00:00+00:00,259.784500909023,269.9816371514846,177.12337
2025-11-30 04:00:00+00:00,259.7845009081194,269.9787372581554,177.12337
2025-12-01 04:00:00+00:00,259.78450090766916,269.68716635118176,177.12337
2025-12-02 04:00:00+00:00,259.78450090755007,269.9831661669573,177.12337
2025-12-03 04:00:00+00:00,259.7845009076065,269.4401672754241,177.12337
2025-12-04 04:00:00+00:00,259.78450090768007,270.12092672047424,177.12337
2025-12-05 04:00:00+00:00,259.78450090772634,270.45360954103273,177.12337
2025-12-06 04:00:00+00:00,259.78450090773913,271.7525856306917,177.12337
2025-12-07 04:00:00+00:00,259.7845009077365,272.0820964492569,177.12337
2025-12-08 04:00:00+00:00,259.7845009077299,271.7691620449175,177.12337
2025-12-09 04:00:00+00:00,259.7845009077257,271.92487433024615,177.12337
2025-12-10 04:00:00+00:00,259.7845009077242,272.7423293403358,177.12337
2025-12-11 04:00:00+00:00,259.7845009077243,272.8806913744155,177.12337
2025-12-12 04:00:00+00:00,259.7845009077248,272.87503308906764,177.12337
2025-12-13 04:00:00+00:00,259.7845009077252,272.5862129101718,177.12337
2025-12-14 04:00:00+00:00,259.7845009077254,272.8803300850651,177.12337
2025-12-15 04:00:00+00:00,259.7845009077254,272.33920395829983,177.12337
2025-12-16 04:00:00+00:00,259.7845009077253,273.0186890548708,177.12337
2025-12-17 04:00:00+00:00,259.78450090772526,273.35264759931783,177.12337
2025-12-18 04:00:00+00:00,259.78450090772526,274.6507043415058,177.12337
2025-12-19 04:00:00+00:00,259.78450090772526,274.9810607020614,177.12337
2025-12-20 04:00:00+00:00,259.78450090772526,274.66751056635945,177.12337
2025-12-21 04:00:00+00:00,259.78450090772526,274.82382648579744,177.12337
2025-12-22 04:00:00+00:00,259.78450090772526,275.6408537949107,177.12337
2025-12-23 04:00:00+00:00,259.78450090772526,275.77961487153414,177.12337
2025-12-24 04:00:00+00:00,259.78450090772526,275.7736648739006,177.12337
2025-12-25 04:00:00+00:00,259.78450090772526,275.4851214946232,177.12337
2025-12-26 04:00:00+00:00,259.78450090772526,275.77903954206397,177.12337
2025-12-27 04:00:00+00:00,259.78450090772526,275.23810138202435,177.12337
2025-12-28 04:00:00+00:00,259.78450090772526,275.91745095357606,177.12337
2025-12-29 04:00:00+00:00,259.78450090772526,276.2515371809763,177.12337
2025-12-30 04:00:00+00:00,259.78450090772526,277.5494996458712,177.12337
2025-12-31 04:00:00+00:00,259.78450090772526,277.8799419005143,177.12337
2026-01-01 04:00:00+00:00,259.78450090772526,277.5663278603152,177.12337
2026-01-02 04:00:00+00:00,259.78450090772526,277.7227031368795,177.12337
2026-01-03 04:00:00+00:00,259.78450090772526,278.5396865775328,177.12337
2026-01-04 04:00:00+00:00,259.78450090772526,278.6784875487243,177.12337
2026-01-05 04:00:00+00:00,259.78450090772526,278.6725076322185,177.12337
2026-01-06 04:00:00+00:00,259.78450090772526,278.38399154325066,177.12337
2026-01-07 04:00:00+00:00,259.78450090772526,278.6778891817548,177.12337
2026-01-08 04:00:00+00:00,259.78450090772526,278.1369695476427,177.12337
2026-01-09 04:00:00+00:00,259.78450090772526,278.816305213294,177.12337
2026-01-10 04:00:00+00:00,259.78450090772526,279.15040401940763,177.12337
2026-01-11 04:00:00+00:00,259.78450090772526,280.44835693646723,177.12337
2026-01-12 04:00:00+00:00,259.78450090772526,280.7788077021102,177.12337
2026-01-13 04:00:00+00:00,259.78450090772526,280.4651871669599,177.12337
2026-01-14 04:00:00+00:00,259.78450090772526,280.62156825968236,177.12337
2026-01-15 04:00:00+00:00,259.78450090772526,281.4385472625012,177.12337
2026-01-16 04:00:00+00:00,259.78450090772526,281.5773521681976,177.12337
2026-01-17 04:00:00+00:00,259.78450090772526,281.57136922668684,177.12337
2026-01-18 04:00:00+00:00,259.78450090772526,281.2828558167926,177.12337
2026-01-19 04:00:00+00:00,259.78450090772526,281.57675139333674,177.12337
2026-01-20 04:00:00+00:00,259.78450090772526,281.0358335784409,177.12337
2026-01-21 04:00:00+00:00,259.78450090772526,281.7151678392473,177.12337
2026-01-22 04:00:00+00:00,259.78450090772526,282.04926788085226,177.12337
2026-01-23 04:00:00+00:00,259.78450090772526,283.3472198381946,177.12337
2026-01-24 04:00:00+00:00,259.78450090772526,283.6776714418735,177.12337
2026-01-25 04:00:00+00:00,259.78450090772526,283.3640502533136,177.12337
2026-01-26 04:00:00+00:00,259.78450090772526,283.52043191658447,177.12337
2026-01-27 04:00:00+00:00,259.78450090772526,284.3374104738535,177.12337
2026-01-28 04:00:00+00:00,259.78450090772526,284.47621576656155,177.12337
2026-01-29 04:00:00+00:00,259.78450090772526,284.4702325215142,177.12337
2026-01-30 04:00:00+00:00,259.78450090772526,284.1817193747799,177.12337
2026-01-31 04:00:00+00:00,259.78450090772526,284.47561474454574,177.12337
2026-02-01 04:00:00+00:00,259.78450090772526,283.9346971084197,177.12337
2026-02-02 04:00:00+00:00,259.78450090772526,284.61403122839283,177.12337
2026-02-03 04:00:00+00:00,259.78450090772526,284.9481313914504,177.12337
2026-02-04 04:00:00+00:00,259.78450090772526,286.24608325278433,177.12337
2026-02-05 04:00:00+00:00,259.78450090772526,286.5765349389416,177.12337
2026-02-06 04:00:00+00:00,259.78450090772526,286.26291368501387,177.12337
2026-02-07 04:00:00+00:00,259.78450090772526,286.419295404374,177.12337
2026-02-08 04:00:00+00:00,259.78450090772526,287.2362739171139,177.12337
2026-02-09 04:00:00+00:00,259.78450090772526,287.37507924791487,177.12337
2026-02-10 04:00:00+00:00,259.78450090772526,287.3690959725449,177.12337
2026-02-11 04:00:00+00:00,259.78450090772526,287.0805828517057,177.12337
2026-02-12 04:00:00+00:00,259.78450090772526,287.374478200824,177.12337
2026-02-13 04:00:00+00:00,259.78450090772526,286.83356058229526,177.12337
2026-02-14 04:00:00+00:00,259.78450090772526,287.51289468821034,177.12337
2026-02-15 04:00:00+00:00,259.78450090772526,287.8469948632271,177.12337
2026-02-16 04:00:00+00:00,259.78450090772526,289.14494671498665,177.12337
2026-02-17 04:00:00+00:00,259.78450090772526,289.4753984092704,177.12337
2026-02-18 04:00:00+00:00,259.78450090772526,289.1617771488251,177.12337
2026-02-19 04:00:00+00:00,259.78450090772526,289.31815887371016,177.12337
2026-02-20 04:00:00+00:00,259.78450090772526,290.1351373820126,177.12337
2026-02-21 04:00:00+00:00,259.78450090772526,290.27394271656834,177.12337
2026-02-22 04:00:00+00:00,259.78450090772526,290.2679594381776,177.12337
2026-02-23 04:00:00+00:00,259.78450090772526,289.97944631989077,177.12337
2026-02-24 04:00:00+00:00,259.78450090772526,290.2733416669529,177.12337
2026-02-25 04:00:00+00:00,259.78450090772526,289.7324240501591,177.12337
2026-02-26 04:00:00+00:00,259.78450090772526,290.41175815467454,177.12337
2026-02-27 04:00:00+00:00,259.78450090772526,290.74585833087076,177.12337
2026-02-28 04:00:00+00:00,259.78450090772526,292.0438101816776,177.12337
2026-03-01 04:00:00+00:00,259.78450090772526,292.37426187676306,177.12337
2026-03-02 04:00:00+00:00,259.78450090772526,292.0606406156693,177.12337
2026-03-03 04:00:00+00:00,259.78450090772526,292.21702234109955,177.12337
2026-03-04 04:00:00+00:00,259.78450090772526,293.03400084896055,177.12337
2026-03-05 04:00:00+00:00,259.78450090772526,293.1728061838868,177.12337
2026-03-06 04:00:00+00:00,259.78450090772526,293.1668229051957,177.12337
2026-03-07 04:00:00+00:00,259.78450090772526,292.87830978716084,177.12337
2026-03-08 04:00:00+00:00,259.78450090772526,293.17220513401844,177.12337
2026-03-09 04:00:00+00:00,259.78450090772526,292.631287517396,177.12337
2026-03-10 04:00:00+00:00,259.78450090772526,293.31062162177244,177.12337
2026-03-11 04:00:00+00:00,259.78450090772526,293.644721798085,177.12337
2026-03-12 04:00:00+00:00,259.78450090772526,294.94267364879715,177.12337
2026-03-13 04:00:00+00:00,259.78450090772526,295.2731253439618,177.12337
2026-03-14 04:00:00+00:00,259.78450090772526,294.9595040828036,177.12337
2026-03-15 04:00:00+00:00,259.78450090772526,295.11588580828766,177.12337
2026-03-16 04:00:00+00:00,259.78450090772526,295.9328643161049,177.12337
2026-03-17 04:00:00+00:00,259.78450090772526,296.07166965106774,177.12337
2026-03-18 04:00:00+00:00,259.78450090772526,296.0656863723468,177.12337
2026-03-19 04:00:00+00:00,259.78450090772526,295.77717325433684,177.12337
2026-03-20 04:00:00+00:00,259.78450090772526,296.07106860117415,177.12337
2026-03-21 04:00:00+00:00,259.78450090772526,295.5301509845687,177.12337
2026-03-22 04:00:00+00:00,259.78450090772526,296.20948508893116,177.12337
2026-03-23 04:00:00+00:00,259.78450090772526,296.54358526525533,177.12337
2026-03-24 04:00:00+00:00,259.78450090772526,297.8415371159581,177.12337
2026-03-25 04:00:00+00:00,259.78450090772526,298.1719888111306,177.12337
2026-03-26 04:00:00+00:00,259.78450090772526,297.858367549966,177.12337
2026-03-27 04:00:00+00:00,259.78450090772526,298.01474927545536,177.12337
2026-03-28 04:00:00+00:00,259.78450090772526,298.8317277832682,177.12337
2026-03-29 04:00:00+00:00,259.78450090772526,298.9705331182347,177.12337
2026-03-30 04:00:00+00:00,259.78450090772526,298.9645498395108,177.12337
2026-03-31 04:00:00+00:00,259.78450090772526,298.6760367215033,177.12337
2026-04-01 04:00:00+00:00,259.78450090772526,298.9699320683386,177.12337
2026-04-02 04:00:00+00:00,259.78450090772526,298.42901445173476,177.12337
2026-04-03 04:00:00+00:00,259.78450090772526,299.10834855609596,177.12337
2026-04-04 04:00:00+00:00,259.78450090772526,299.44244873242127,177.12337
2026-04-05 04:00:00+00:00,259.78450090772526,300.7404005831231,177.12337
2026-04-06 04:00:00+00:00,259.78450090772526,301.0708522782964,177.12337
2026-04-07 04:00:00+00:00,259.78450090772526,300.7572310171311,177.12337
2026-04-08 04:00:00+00:00,259.78450090772526,300.913612742621,177.12337
2026-04-09 04:00:00+00:00,259.78450090772526,301.7305912504334,177.12337
2026-04-10 04:00:00+00:00,259.78450090772526,301.8693965854003,177.12337
2026-04-11 04:00:00+00:00,259.78450090772526,301.86341330667614,177.12337
2026-04-12 04:00:00+00:00,259.78450090772526,301.5749001886688,177.12337
2026-04-13 04:00:00+00:00,259.78450090772526,301.86879553550386,177.12337
2026-04-14 04:00:00+00:00,259.78450090772526,301.32787791890024,177.12337
2026-04-15 04:00:00+00:00,259.78450090772526,302.0072120232613,177.12337
2026-04-16 04:00:00+00:00,259.78450090772526,302.3413121995867,177.12337
2026-04-17 04:00:00+00:00,259.78450090772526,303.63926405028843,177.12337
2026-04-18 04:00:00+00:00,259.78450090772526,303.9697157454617,177.12337
2026-04-19 04:00:00+00:00,259.78450090772526,303.6560944842965,177.12337
2026-04-20 04:00:00+00:00,259.78450090772526,303.81247620978644,177.12337
2026-04-21 04:00:00+00:00,259.78450090772526,304.62945471759883,177.12337
2026-04-22 04:00:00+00:00,259.78450090772526,304.7682600525657,177.12337
2026-04-23 04:00:00+00:00,259.78450090772526,304.76227677384145,177.12337
2026-04-24 04:00:00+00:00,259.78450090772526,304.4737636558342,177.12337
2026-04-25 04:00:00+00:00,259.78450090772526,304.76765900266935,177.12337
2026-04-26 04:00:00+00:00,259.78450090772526,304.2267413860657,177.12337
2026-04-27 04:00:00+00:00,259.78450090772526,304.90607549042676,177.12337
2026-04-28 04:00:00+00:00,259.78450090772526,305.2401756667521,177.12337
2026-04-29 04:00:00+00:00,259.78450090772526,306.53812751745386,177.12337
2026-04-30 04:00:00+00:00,259.78450090772526,306.8685792126272,177.12337
2026-05-01 04:00:00+00:00,259.78450090772526,306.5549579514619,177.12337
2026-05-02 04:00:00+00:00,259.78450090772526,306.71133967695187,177.12337
2026-05-03 04:00:00+00:00,259.78450090772526,307.52831818476426,177.12337
2026-05-04 04:00:00+00:00,259.78450090772526,307.66712351973115,177.12337
2026-05-05 04:00:00+00:00,259.78450090772526,307.66114024100693,177.12337
2026-05-06 04:00:00+00:00,259.78450090772526,307.3726271229997,177.12337
2026-05-07 04:00:00+00:00,259.78450090772526,307.6665224698348,177.12337
2026-05-08 04:00:00+00:00,259.78450090772526,307.12560485323115,177.12337
2026-05-09 04:00:00+00:00,259.78450090772526,307.8049389575921,177.12337
2026-05-10 04:00:00+00:00,259.78450090772526,308.13903913391755,177.12337
2026-05-11 04:00:00+00:00,259.78450090772526,309.4369909846193,177.12337
2026-05-12 04:00:00+00:00,259.78450090772526,309.7674426797926,177.12337
2026-05-13 04:00:00+00:00,259.78450090772526,309.45382141862734,177.12337
2026-05-14 04:00:00+00:00,259.78450090772526,309.6102031441173,177.12337
2026-05-15 04:00:00+00:00,259.78450090772526,310.4271816519297,177.12337
2026-05-16 04:00:00+00:00,259.78450090772526,310.5659869868966,177.12337
2026-05-17 04:00:00+00:00,259.78450090772526,310.56000370817236,177.12337
2026-05-18 04:00:00+00:00,259.78450090772526,310.2714905901651,177.12337
2026-05-19 04:00:00+00:00,259.78450090772526,310.5653859370002,177.12337
2026-05-20 04:00:00+00:00,259.78450090772526,310.0244683203966,177.12337
2026-05-21 04:00:00+00:00,259.78450090772526,310.70380242475755,177.12337
2026-05-22 04:00:00+00:00,259.78450090772526,311.037902601083,177.12337
2026-05-23 04:00:00+00:00,259.78450090772526,312.3358544517847,177.12337
2026-05-24 04:00:00+00:00,259.78450090772526,312.66630614695805,177.12337
2026-05-25 04:00:00+00:00,259.78450090772526,312.35268488579277,177.12337
2026-05-26 04:00:00+00:00,259.78450090772526,312.5090666112827,177.12337
2026-05-27 04:00:00+00:00,259.78450090772526,313.3260451190951,177.12337
2026-05-28 04:00:00+00:00,259.78450090772526,313.464850454062,177.12337
2026-05-29 04:00:00+00:00,259.78450090772526,313.4588671753378,177.12337
2026-05-30 04:00:00+00:00,259.78450090772526,313.17035405733054,177.12337
2026-05-31 04:00:00+00:00,259.78450090772526,313.4642494041656,177.12337
2026-06-01 04:00:00+00:00,259.78450090772526,312.923331787562,177.12337
2026-06-02 04:00:00+00:00,259.78450090772526,313.602665891923,177.12337
2026-06-03 04:00:00+00:00,259.78450090772526,313.9367660682484,177.12337
2026-06-04 04:00:00+00:00,259.78450090772526,315.23471791895014,177.12337
2026-06-05 04:00:00+00:00,259.78450090772526,315.5651696141235,177.12337
2026-06-06 04:00:00+00:00,259.78450090772526,315.2515483529582,177.12337
2026-06-07 04:00:00+00:00,259.78450090772526,315.40793007844815,177.12337
2026-06-08 04:00:00+00:00,259.78450090772526,316.22490858626054,177.12337
2026-06-09 04:00:00+00:00,259.78450090772526,316.36371392122743,177.12337
2026-06-10 04:00:00+00:00,259.78450090772526,316.3577306425032,177.12337
2026-06-11 04:00:00+00:00,259.78450090772526,316.06921752449597,177.12337
2026-06-12 04:00:00+00:00,259.78450090772526,316.36311287133105,177.12337
2026-06-13 04:00:00+00:00,259.78450090772526,315.82219525472743,177.12337
2026-06-14 04:00:00+00:00,259.78450090772526,316.5015293590884,177.12337
2026-06-15 04:00:00+00:00,259.78450090772526,316.83562953541383,177.12337
2026-06-16 04:00:00+00:00,259.78450090772526,318.13358138611557,177.12337
2026-06-17 04:00:00+00:00,259.78450090772526,318.4640330812889,177.12337
2026-06-18 04:00:00+00:00,259.78450090772526,318.1504118201236,177.12337
2026-06-19 04:00:00+00:00,259.78450090772526,318.3067935456136,177.12337
2026-06-20 04:00:00+00:00,259.78450090772526,319.12377205342597,177.12337
2026-06-21 04:00:00+00:00,259.78450090772526,319.26257738839286,177.12337
2026-06-22 04:00:00+00:00,259.78450090772526,319.25659410966864,177.12337
2026-06-23 04:00:00+00:00,259.78450090772526,318.9680809916614,177.12337
2026-06-24 04:00:00+00:00,259.78450090772526,319.2619763384965,177.12337
2026-06-25 04:00:00+00:00,259.78450090772526,318.72105872189286,177.12337
2026-06-26 04:00:00+00:00,259.78450090772526,319.40039282625384,177.12337
2026-06-27 04:00:00+00:00,259.78450090772526,319.73449300257926,177.12337
2026-06-28 04:00:00+00:00,259.78450090772526,321.032444853281,177.12337
2026-06-29 04:00:00+00:00,259.78450090772526,321.36289654845433,177.12337
2026-06-30 04:00:00+00:00,259.78450090772526,321.04927528728905,177.12337
2026-07-01 04:00:00+00:00,259.78450090772526,321.205657012779,177.12337
2026-07-02 04:00:00+00:00,259.78450090772526,322.0226355205914,177.12337
2026-07-03 04:00:00+00:00,259.78450090772526,322.1614408555583,177.12337
2026-07-04 04:00:00+00:00,259.78450090772526,322.15545757683407,177.12337
2026-07-05 04:00:00+00:00,259.78450090772526,321.8669444588268,177.12337
2026-07-06 04:00:00+00:00,259.78450090772526,322.1608398056619,177.12337
2026-07-07 04:00:00+00:00,259.78450090772526,321.6199221890583,177.12337
2026-07-08 04:00:00+00:00,259.78450090772526,322.29925629341926,177.12337
2026-07-09 04:00:00+00:00,259.78450090772526,322.6333564697447,177.12337
2026-07-10 04:00:00+00:00,259.78450090772526,323.9313083204464,177.12337
2026-07-11 04:00:00+00:00,259.78450090772526,324.26176001561976,177.12337
2026-07-12 04:00:00+00:00,259.78450090772526,323.9481387544545,177.12337
2026-07-13 04:00:00+00:00,259.78450090772526,324.1045204799444,177.12337
2026-07-14 04:00:00+00:00,259.78450090772526,324.9214989877568,177.12337
2026-07-15 04:00:00+00:00,259.78450090772526,325.0603043227237,177.12337
2026-07-16 04:00:00+00:00,259.78450090772526,325.0543210439995,177.12337
2026-07-17 04:00:00+00:00,259.78450090772526,324.76580792599225,177.12337
2026-07-18 04:00:00+00:00,259.78450090772526,325.05970327282733,177.12337
2026-07-19 04:00:00+00:00,259.78450090772526,324.5187856562237,177.12337
2026-07-20 04:00:00+00:00,259.78450090772526,325.1981197605847,177.12337
2026-07-21 04:00:00+00:00,259.78450090772526,325.5322199369101,177.12337
2026-07-22 04:00:00+00:00,259.78450090772526,326.83017178761185,177.12337
2026-07-23 04:00:00+00:00,259.78450090772526,327.1606234827852,177.12337
2026-07-24 04:00:00+00:00,259.78450090772526,326.8470022216199,177.12337
2026-07-25 04:00:00+00:00,259.78450090772526,327.00338394710985,177.12337
2026-07-26 04:00:00+00:00,259.78450090772526,327.82036245492225,177.12337
2026-07-27 04:00:00+00:00,259.78450090772526,327.95916778988914,177.12337
2026-07-28 04:00:00+00:00,259.78450090772526,327.9531845111649,177.12337
2026-07-29 04:00:00+00:00,259.78450090772526,327.6646713931577,177.12337
2026-07-30 04:00:00+00:00,259.78450090772526,327.95856673999276,177.12337
2026-07-31 04:00:00+00:00,259.78450090772526,327.41764912338914,177.12337
2026-08-01 04:00:00+00:00,259.78450090772526,328.0969832277501,177.12337
2026-08-02 04:00:00+00:00,259.78450090772526,328.43108340407554,177.12337
2026-08-03 04:00:00+00:00,259.78450090772526,329.7290352547773,177.12337
2026-08-04 04:00:00+00:00,259.78450090772526,330.0594869499506,177.12337
2026-08-05 04:00:00+00:00,259.78450090772526,329.74586568878533,177.12337
2026-08-06 04:00:00+00:00,259.78450090772526,329.9022474142753,177.12337
2026-08-07 04:00:00+00:00,259.78450090772526,330.7192259220877,177.12337
2026-08-08 04:00:00+00:00,259.78450090772526,330.85803125705456,177.12337
2026-08-09 04:00:00+00:00,259.78450090772526,330.85204797833035,177.12337
2026-08-10 04:00:00+00:00,259.78450090772526,330.5635348603231,177.12337
2026-08-11 04:00:00+00:00,259.78450090772526,330.8574302071582,177.12337
2026-08-12 04:00:00+00:00,259.78450090772526,330.31651259055457,177.12337
2026-08-13 04:00:00+00:00,259.78450090772526,330.99584669491554,177.12337
2026-08-14 04:00:00+00:00,259.78450090772526,331.32994687124096,177.12337
2026-08-15 04:00:00+00:00,259.78450090772526,332.6278987219427,177.12337
2026-08-16 04:00:00+00:00,259.78450090772526,332.95835041711604,177.12337
2026-08-17 04:00:00+00:00,259.78450090772526,332.64472915595076,177.12337
2026-08-18 04:00:00+00:00,259.78450090772526,332.8011108814407,177.12337
2026-08-19 04:00:00+00:00,259.78450090772526,333.6180893892531,177.12337
2026-08-20 04:00:00+00:00,259.78450090772526,333.75689472422,177.12337
2026-08-21 04:00:00+00:00,259.78450090772526,333.7509114454958,177.12337
2026-08-22 04:00:00+00:00,259.78450090772526,333.46239832748853,177.12337
2026-08-23 04:00:00+00:00,259.78450090772526,333.7562936743236,177.12337
2026-08-24 04:00:00+00:00,259.78450090772526,333.21537605772,177.12337
2026-08-25 04:00:00+00:00,259.78450090772526,333.89471016208097,177.12337
2026-08-26 04:00:00+00:00,259.78450090772526,334.2288103384064,177.12337
2026-08-27 04:00:00+00:00,259.78450090772526,335.5267621891081,177.12337
2026-08-28 04:00:00+00:00,259.78450090772526,335.85721388428146,177.12337
2026-08-29 04:00:00+00:00,259.78450090772526,335.5435926231162,177.12337
2026-08-30 04:00:00+00:00,259.78450090772526,335.69997434860613,177.12337
2026-08-31 04:00:00+00:00,259.78450090772526,336.5169528564185,177.12337
2026-09-01 04:00:00+00:00,259.78450090772526,336.6557581913854,177.12337
2026-09-02 04:00:00+00:00,259.78450090772526,336.6497749126612,177.12337
2026-09-03 04:00:00+00:00,259.78450090772526,336.36126179465396,177.12337
2026-09-04 04:00:00+00:00,259.78450090772526,336.65515714148904,177.12337
2026-09-05 04:00:00+00:00,259.78450090772526,336.1142395248854,177.12337
2026-09-06 04:00:00+00:00,259.78450090772526,336.7935736292464,177.12337
2026-09-07 04:00:00+00:00,259.78450090772526,337.1276738055718,177.12337
2026-09-08 04:00:00+00:00,259.78450090772526,338.42562565627355,177.12337
2026-09-09 04:00:00+00:00,259.78450090772526,338.7560773514469,177.12337
2026-09-10 04:00:00+00:00,259.78450090772526,338.4424560902816,177.12337
2026-09-11 04:00:00+00:00,259.78450090772526,338.59883781577156,177.12337
2026-09-12 04:00:00+00:00,259.78450090772526,339.41581632358395,177.12337
2026-09-13 04:00:00+00:00,259.78450090772526,339.55462165855084,177.12337
2026-09-14 04:00:00+00:00,259.78450090772526,339.5486383798266,177.12337
2026-09-15 04:00:00+00:00,259.78450090772526,339.2601252618194,177.12337
2026-09-16 04:00:00+00:00,259.78450090772526,339.55402060865447,177.12337
2026-09-17 04:00:00+00:00,259.78450090772526,339.01310299205085,177.12337
2026-09-18 04:00:00+00:00,259.78450090772526,339.6924370964118,177.12337
2026-09-19 04:00:00+00:00,259.78450090772526,340.02653727273724,177.12337
2026-09-20 04:00:00+00:00,259.78450090772526,341.324489123439,177.12337
2026-09-21 04:00:00+00:00,259.78450090772526,341.6549408186123,177.12337
2026-09-22 04:00:00+00:00,259.78450090772526,341.34131955744704,177.12337
2026-09-23 04:00:00+00:00,259.78450090772526,341.497701282937,177.12337
2026-09-24 04:00:00+00:00,259.78450090772526,342.3146797907494,177.12337
2026-09-25 04:00:00+00:00,259.78450090772526,342.45348512571627,177.12337
2026-09-26 04:00:00+00:00,259.78450090772526,342.44750184699205,177.12337
2026-09-27 04:00:00+00:00,259.78450090772526,342.1589887289848,177.12337
2026-09-28 04:00:00+00:00,259.78450090772526,342.4528840758199,177.12337
2026-09-29 04:00:00+00:00,259.78450090772526,341.9119664592163,177.12337
2026-09-30 04:00:00+00:00,259.78450090772526,342.59130056357725,177.12337
2026-10-01 04:00:00+00:00,259.78450090772526,342.92540073990267,177.12337
2026-10-02 04:00:00+00:00,259.78450090772526,344.2233525906044,177.12337
2026-10-03 04:00:00+00:00,259.78450090772526,344.55380428577774,177.12337
2026-10-04 04:00:00+00:00,259.78450090772526,344.24018302461246,177.12337
2026-10-05 04:00:00+00:00,259.78450090772526,344.3965647501024,177.12337
2026-10-06 04:00:00+00:00,259.78450090772526,345.2135432579148,177.12337
2026-10-07 04:00:00+00:00,259.78450090772526,345.3523485928817,177.12337
2026-10-08 04:00:00+00:00,259.78450090772526,345.3463653141575,177.12337
2026-10-09 04:00:00+00:00,259.78450090772526,345.05785219615024,177.12337
2026-10-10 04:00:00+00:00,259.78450090772526,345.3517475429853,177.12337
2026-10-11 04:00:00+00:00,259.78450090772526,344.8108299263817,177.12337
2026-10-12 04:00:00+00:00,259.78450090772526,345.4901640307427,177.12337
2026-10-13 04:00:00+00:00,259.78450090772526,345.8242642070681,177.12337
2026-10-14 04:00:00+00:00,259.78450090772526,347.12221605776983,177.12337
2026-10-15 04:00:00+00:00,259.78450090772526,347.45266775294317,177.12337
2026-10-16 04:00:00+00:00,259.78450090772526,347.1390464917779,177.12337
2026-10-17 04:00:00+00:00,259.78450090772526,347.29542821726784,177.12337
2026-10-18 04:00:00+00:00,259.78450090772526,348.11240672508023,177.12337
2026-10-19 04:00:00+00:00,259.78450090772526,348.2512120600471,177.12337
2026-10-20 04:00:00+00:00,259.78450090772526,348.2452287813229,177.12337
2026-10-21 04:00:00+00:00,259.78450090772526,347.95671566331566,177.12337
2026-10-22 04:00:00+00:00,259.78450090772526,348.25061101015075,177.12337
2026-10-23 04:00:00+00:00,259.78450090772526,347.7096933935471,177.12337
2026-10-24 04:00:00+00:00,259.78450090772526,348.3890274979081,177.12337
2026-10-25 04:00:00+00:00,259.78450090772526,348.7231276742335,177.12337
2026-10-26 04:00:00+00:00,259.78450090772526,350.02107952493526,177.12337
2026-10-27 04:00:00+00:00,259.78450090772526,350.3515312201086,177.12337
2026-10-28 04:00:00+00:00,259.78450090772526,350.0379099589433,177.12337
2026-10-29 04:00:00+00:00,259.78450090772526,350.19429168443327,177.12337
2026-10-30 04:00:00+00:00,259.78450090772526,351.01127019224566,177.12337
2026-10-31 04:00:00+00:00,259.78450090772526,351.15007552721255,177.12337
2026-11-01 04:00:00+00:00,259.78450090772526,351.14409224848833,177.12337
2026-11-02 04:00:00+00:00,259.78450090772526,350.8555791304811,177.12337
2026-11-03 04:00:00+00:00,259.78450090772526,351.1494744773162,177.12337
2026-11-04 04:00:00+00:00,259.78450090772526,350.60855686071255,177.12337
2026-11-05 04:00:00+00:00,259.78450090772526,351.28789096507353,177.12337
2026-11-06 04:00:00+00:00,259.78450090772526,351.62199114139895,177.12337
2026-11-07 04:00:00+00:00,259.78450090772526,352.9199429921007,177.12337
2026-11-08 04:00:00+00:00,259.78450090772526,353.250394687274,177.12337
2026-11-09 04:00:00+00:00,259.78450090772526,352.93677342610874,177.12337
2026-11-10 04:00:00+00:00,259.78450090772526,353.0931551515987,177.12337
2026-11-11 04:00:00+00:00,259.78450090772526,353.9101336594111,177.12337
2026-11-12 04:00:00+00:00,259.78450090772526,354.048938994378,177.12337
2026-11-13 04:00:00+00:00,259.78450090772526,354.04295571565376,177.12337
2026-11-14 04:00:00+00:00,259.78450090772526,353.7544425976465,177.12337
2026-11-15 04:00:00+00:00,259.78450090772526,354.0483379444816,177.12337
2026-11-16 04:00:00+00:00,259.78450090772526,353.507420327878,177.12337
2026-11-17 04:00:00+00:00,259.78450090772526,354.18675443223896,177.12337
2026-11-18 04:00:00+00:00,259.78450090772526,354.5208546085644,177.12337
2026-11-19 04:00:00+00:00,259.78450090772526,355.8188064592661,177.12337
2026-11-20 04:00:00+00:00,259.78450090772526,356.14925815443945,177.12337
2026-11-21 04:00:00+00:00,259.78450090772526,355.83563689327417,177.12337
2026-11-22 04:00:00+00:00,259.78450090772526,355.9920186187641,177.12337
2026-11-23 04:00:00+00:00,259.78450090772526,356.8089971265765,177.12337
2026-11-24 04:00:00+00:00,259.78450090772526,356.9478024615434,177.12337
2026-11-25 04:00:00+00:00,259.78450090772526,356.9418191828192,177.12337
2026-11-26 04:00:00+00:00,259.78450090772526,356.65330606481194,177.12337
2026-11-27 04:00:00+00:00,259.78450090772526,356.94720141164703,177.12337
2026-11-28 04:00:00+00:00,259.78450090772526,356.4062837950434,177.12337
2026-11-29 04:00:00+00:00,259.78450090772526,357.0856178994044,177.12337
2026-11-30 04:00:00+00:00,259.78450090772526,357.4197180757298,177.12337
2026-12-01 04:00:00+00:00,259.78450090772526,358.71766992643154,177.12337
2026-12-02 04:00:00+00:00,259.78450090772526,359.0481216216049,177.12337
2026-12-03 04:00:00+00:00,259.78450090772526,358.7345003604396,177.12337
2026-12-04 04:00:00+00:00,259.78450090772526,358.89088208592955,177.12337
2026-12-05 04:00:00+00:00,259.78450090772526,359.70786059374194,177.12337
2026-12-06 04:00:00+00:00,259.78450090772526,359.84666592870883,177.12337
2026-12-07 04:00:00+00:00,259.78450090772526,359.8406826499846,177.12337
2026-12-08 04:00:00+00:00,259.78450090772526,359.55216953197737,177.12337
2026-12-09 04:00:00+00:00,259.78450090772526,359.84606487881246,177.12337
2026-12-10 04:00:00+00:00,259.78450090772526,359.30514726220883,177.12337
2026-12-11 04:00:00+00:00,259.78450090772526,359.9844813665698,177.12337
2026-12-12 04:00:00+00:00,259.78450090772526,360.31858154289523,177.12337
2026-12-13 04:00:00+00:00,259.78450090772526,361.61653339359697,177.12337
2026-12-14 04:00:00+00:00,259.78450090772526,361.9469850887703,177.12337
2026-12-15 04:00:00+00:00,259.78450090772526,361.633363827605,177.12337
2026-12-16 04:00:00+00:00,259.78450090772526,361.789745553095,177.12337
2026-12-17 04:00:00+00:00,259.78450090772526,362.60672406090737,177.12337
2026-12-18 04:00:00+00:00,259.78450090772526,362.74552939587426,177.12337
2026-12-19 04:00:00+00:00,259.78450090772526,362.73954611715004,177.12337
2026-12-20 04:00:00+00:00,259.78450090772526,362.4510329991428,177.12337
2026-12-21 04:00:00+00:00,259.78450090772526,362.7449283459779,177.12337
2026-12-22 04:00:00+00:00,259.78450090772526,362.20401072937426,177.12337
2026-12-23 04:00:00+00:00,259.78450090772526,362.88334483373524,177.12337
2026-12-24 04:00:00+00:00,259.78450090772526,363.21744501006066,177.12337
2026-12-25 04:00:00+00:00,259.78450090772526,364.5153968607624,177.12337
2026-12-26 04:00:00+00:00,259.78450090772526,364.84584855593573,177.12337
2026-12-27 04:00:00+00:00,259.78450090772526,364.53222729477045,177.12337
2026-12-28 04:00:00+00:00,259.78450090772526,364.6886090202604,177.12337
2026-12-29 04:00:00+00:00,259.78450090772526,365.5055875280728,177.12337
2026-12-30 04:00:00+00:00,259.78450090772526,365.6443928630397,177.12337
2026-12-31 04:00:00+00:00,259.78450090772526,365.63840958431547,177.12337
2027-01-01 04:00:00+00:00,259.78450090772526,365.3498964663082,177.12337
2027-01-02 04:00:00+00:00,259.78450090772526,365.6437918131433,177.12337
2027-01-03 04:00:00+00:00,259.78450090772526,365.1028741965397,177.12337
2027-01-04 04:00:00+00:00,259.78450090772526,365.78220830090066,177.12337
2027-01-05 04:00:00+00:00,259.78450090772526,366.1163084772261,177.12337
2027-01-06 04:00:00+00:00,259.78450090772526,367.4142603279278,177.12337
2027-01-07 04:00:00+00:00,259.78450090772526,367.74471202310116,177.12337
2027-01-08 04:00:00+00:00,259.78450090772526,367.4310907619359,177.12337
2027-01-09 04:00:00+00:00,259.78450090772526,367.5874724874258,177.12337
2027-01-10 04:00:00+00:00,259.78450090772526,368.4044509952382,177.12337
2027-01-11 04:00:00+00:00,259.78450090772526,368.5432563302051,177.12337
2027-01-12 04:00:00+00:00,259.78450090772526,368.5372730514809,177.12337
2027-01-13 04:00:00+00:00,259.78450090772526,368.24875993347365,177.12337
2027-01-14 04:00:00+00:00,259.78450090772526,368.54265528030874,177.12337
2027-01-15 04:00:00+00:00,259.78450090772526,368.0017376637051,177.12337
2027-01-16 04:00:00+00:00,259.78450090772526,368.6810717680661,177.12337
2027-01-17 04:00:00+00:00,259.78450090772526,369.0151719443915,177.12337
2027-01-18 04:00:00+00:00,259.78450090772526,370.31312379509325,177.12337
2027-01-19 04:00:00+00:00,259.78450090772526,370.6435754902666,177.12337
2027-01-20 04:00:00+00:00,259.78450090772526,370.3299542291013,177.12337
2027-01-21 04:00:00+00:00,259.78450090772526,370.48633595459125,177.12337
2027-01-22 04:00:00+00:00,259.78450090772526,371.30331446240365,177.12337
2027-01-23 04:00:00+00:00,259.78450090772526,371.44211979737054,177.12337
2027-01-24 04:00:00+00:00,259.78450090772526,371.4361365186463,177.12337
2027-01-25 04:00:00+00:00,259.78450090772526,371.1476234006391,177.12337
2027-01-26 04:00:00+00:00,259.78450090772526,371.44151874747416,177.12337
2027-01-27 04:00:00+00:00,259.78450090772526,370.90060113087054,177.12337
2027-01-28 04:00:00+00:00,259.78450090772526,371.5799352352315,177.12337
2027-01-29 04:00:00+00:00,259.78450090772526,371.91403541155694,177.12337
2027-01-30 04:00:00+00:00,259.78450090772526,373.2119872622587,177.12337
2027-01-31 04:00:00+00:00,259.78450090772526,373.542438957432,177.12337
2027-02-01 04:00:00+00:00,259.78450090772526,373.22881769626673,177.12337
2027-02-02 04:00:00+00:00,259.78450090772526,373.3851994217567,177.12337
2027-02-03 04:00:00+00:00,259.78450090772526,374.2021779295691,177.12337
2027-02-04 04:00:00+00:00,259.78450090772526,374.34098326453596,177.12337
2027-02-05 04:00:00+00:00,259.78450090772526,374.33499998581175,177.12337
2027-02-06 04:00:00+00:00,259.78450090772526,374.0464868678045,177.12337
2027-02-07 04:00:00+00:00,259.78450090772526,374.3403822146396,177.12337
2027-02-08 04:00:00+00:00,259.78450090772526,373.79946459803597,177.12337
2027-02-09 04:00:00+00:00,259.78450090772526,374.47879870239694,177.12337
2027-02-10 04:00:00+00:00,259.78450090772526,374.81289887872236,177.12337
2027-02-11 04:00:00+00:00,259.78450090772526,376.1108507294241,177.12337
2027-02-12 04:00:00+00:00,259.78450090772526,376.44130242459744,177.12337
2027-02-13 04:00:00+00:00,259.78450090772526,376.12768116343216,177.12337
2027-02-14 04:00:00+00:00,259.78450090772526,376.2840628889221,177.12337
2027-02-15 04:00:00+00:00,259.78450090772526,377.1010413967345,177.12337
2027-02-16 04:00:00+00:00,259.78450090772526,377.2398467317014,177.12337
2027-02-17 04:00:00+00:00,259.78450090772526,377.2338634529772,177.12337
2027-02-18 04:00:00+00:00,259.78450090772526,376.94535033496993,177.12337
2027-02-19 04:00:00+00:00,259.78450090772526,377.239245681805,177.12337
2027-02-20 04:00:00+00:00,259.78450090772526,376.6983280652014,177.12337
2027-02-21 04:00:00+00:00,259.78450090772526,377.37766216956237,177.12337
2027-02-22 04:00:00+00:00,259.78450090772526,377.7117623458878,177.12337
2027-02-23 04:00:00+00:00,259.78450090772526,379.0097141965895,177.12337
2027-02-24 04:00:00+00:00,259.78450090772526,379.34016589176287,177.12337
2027-02-25 04:00:00+00:00,259.78450090772526,379.0265446305976,177.12337
2027-02-26 04:00:00+00:00,259.78450090772526,379.18292635608753,177.12337
2027-02-27 04:00:00+00:00,259.78450090772526,379.9999048638999,177.12337
2027-02-28 04:00:00+00:00,259.78450090772526,380.1387101988668,177.12337
2027-03-01 04:00:00+00:00,259.78450090772526,380.1327269201426,177.12337
2027-03-02 04:00:00+00:00,259.78450090772526,379.84421380213536,177.12337
2027-03-03 04:00:00+00:00,259.78450090772526,380.13810914897044,177.12337
2027-03-04 04:00:00+00:00,259.78450090772526,379.5971915323668,177.12337
2027-03-05 04:00:00+00:00,259.78450090772526,380.2765256367278,177.12337
2027-03-06 04:00:00+00:00,259.78450090772526,380.6106258130532,177.12337
2027-03-07 04:00:00+00:00,259.78450090772526,381.90857766375495,177.12337
2027-03-08 04:00:00+00:00,259.78450090772526,382.2390293589283,177.12337
